Workbook

Sheet Thành Viên
A1: THÀNH VIÊN & TRÁCH NHIỆM
A6: Mã TV | B6: Họ và tên | C6: Vai trò chính | D6: Phần kỹ thuật / trách nhiệm | E6: Kiểm tra chéo
A7: TV1 | B7: Phạm Thái Khang | C7: Điều phối + phần dùng chung | D7: Yêu cầu, cấu hình, kiểu dữ liệu/giao thức dùng chung; tích hợp cùng người phụ trách. Không sửa thay toàn bộ nhóm. | E7: TV6
A8: TV2 | B8: Châu Huỳnh Minh Ngọc | C8: Giao diện Client | D8: WinForms Client; kéo thả, danh sách file; hiển thị trạng thái/tiến độ; tài liệu thao tác. | E8: TV5
A9: TV3 | B9: Lê Đăng Khoa | C9: Gửi file phía Client | D9: Kết nối; đọc và gửi từng khối; chờ phản hồi; timeout và lỗi gửi. | E9: TV4
A10: TV4 | B10: Huỳnh Tấn Nam | C10: Nhận file phía Server | D10: Lắng nghe; kiểm tra dữ liệu; nhận/lưu file tạm; tên trùng; tách lỗi từng kết nối. | E10: TV3
A11: TV5 | B11: Phạm Nguyễn Quốc Khánh | C11: Hàng đợi + trạng thái | D11: Điều phối một file/lượt/Client; chuyển trạng thái; tính tiến độ và tốc độ; cô lập lỗi file. | E11: TV2
A12: TV6 | B12: Khiếu Hữu Trung Kiên | C12: GUI/log Server + kiểm thử | D12: GUI Server; log; công cụ đối chiếu file; tổng hợp test và đo hiệu năng. Mọi thành viên vẫn tự test phần mình. | E12: TV1

Sheet Cong_viec
A1: PHÂN CÔNG NHIỆM VỤ
A6: Mã việc | B6: Tuần | C6: Chặng | D6: Mã TV | E6: Họ tên | F6: Việc thực hiện | G6: Sản phẩm bàn giao | H6: Điều kiện hoàn thành | I6: Phụ thuộc / phối hợp | J6: Người kiểm tra | K6: Hạn do TV1 đặt | L6: Trạng thái | M6: Link commit / tài liệu / test | N6: Vướng mắc / ghi chú
A7: 1A-TV1 | B7: 1 | C7: 1A | D7: TV1 | E7: =IFERROR(VLOOKUP(D7,'Thành Viên'!$A$7:$B$12,2,FALSE),"Kiểm tra mã TV") -> Phạm Thái Khang | F7: Đọc 4 sheet của đề; tách bắt buộc/không bắt buộc; chốt phạm vi 4 tuần và tạo repository tối thiểu để cả nhóm lưu nghiên cứu. | G7: Checklist yêu cầu có địa chỉ ô nguồn; phạm vi; repository có .gitignore. | H7: Giải thích được vì sao chọn queue; không bỏ yêu cầu chung/nộp bài; 5 thành viên còn lại được cấp quyền đóng góp. | I7: Không | J7: TV6 | L7: Chưa bắt đầu
A8: 1A-TV2 | B8: 1 | C8: 1A | D8: TV2 | E8: =IFERROR(VLOOKUP(D8,'Thành Viên'!$A$7:$B$12,2,FALSE),"Kiểm tra mã TV") -> Châu Huỳnh Minh Ngọc | F8: Tìm tài liệu WinForms, chọn file và kéo thả; phác thảo GUI Client theo đúng dữ liệu mỗi file cần hiển thị. | G8: Một trang ghi chú + nguồn chính thức + bản phác GUI. | H8: Bản phác có IP/port, chọn/kéo thả nhiều file, trạng thái, tiến độ, tốc độ và lỗi; trình bày lại bằng lời của mình. | I8: Không | J8: TV5 | L8: Chưa bắt đầu
A9: 1A-TV3 | B9: 1 | C9: 1A | D9: TV3 | E9: =IFERROR(VLOOKUP(D9,'Thành Viên'!$A$7:$B$12,2,FALSE),"Kiểm tra mã TV") -> Lê Đăng Khoa | F9: Tìm hiểu TCP, IP/port, TcpClient và NetworkStream; phác luồng gửi thông tin file, dữ liệu, nhận xác nhận. | G9: Một trang ghi chú + sơ đồ gửi/nhận + nguồn chính thức. | H9: Giải thích được TCP là luồng byte, một lần đọc không nhất thiết đủ; phân biệt gửi xong với Server xác nhận. | I9: Không | J9: TV4 | L9: Chưa bắt đầu
A10: 1A-TV4 | B10: 1 | C10: 1A | D10: TV4 | E10: =IFERROR(VLOOKUP(D10,'Thành Viên'!$A$7:$B$12,2,FALSE),"Kiểm tra mã TV") -> Huỳnh Tấn Nam | F10: Tìm hiểu TcpListener, FileStream, nhận đủ byte, lưu tạm và xử lý tên trùng/tên không hợp lệ. | G10: Một trang ghi chú + sơ đồ Server + nguồn chính thức. | H10: Mô tả được việc nhận thiếu dữ liệu, từ chối file trùng tên và không ghi ra ngoài thư mục nhận. | I10: Không | J10: TV3 | L10: Chưa bắt đầu
A11: 1A-TV5 | B11: 1 | C11: 1A | D11: TV5 | E11: =IFERROR(VLOOKUP(D11,'Thành Viên'!$A$7:$B$12,2,FALSE),"Kiểm tra mã TV") -> Phạm Nguyễn Quốc Khánh | F11: Tìm hiểu queue, async/await, trạng thái, công thức tiến độ/tốc độ và sự khác nhau giữa lỗi file với Server mất kết nối. | G11: Một trang ghi chú + sơ đồ trạng thái + ví dụ 3 file. | H11: Giải thích được file tốt → file bị từ chối → file tốt; nếu Server tắt thì không hứa các file còn lại vẫn truyền được. | I11: Không | J11: TV2 | L11: Chưa bắt đầu
A12: 1A-TV6 | B12: 1 | C12: 1A | D12: TV6 | E12: =IFERROR(VLOOKUP(D12,'Thành Viên'!$A$7:$B$12,2,FALSE),"Kiểm tra mã TV") -> Khiếu Hữu Trung Kiên | F12: Tìm hiểu Git/commit/review; test chức năng, mất kết nối, so sánh file và đo tải; phác GUI/log Server. | G12: Một trang ghi chú + kế hoạch test sơ bộ + phác GUI Server. | H12: Có test thành công, dữ liệu sai, mất kết nối, hai mức tải; cả nhóm hiểu cách ghi bằng chứng và commit cá nhân. | I12: Không | J12: TV1 | L12: Chưa bắt đầu
A13: 1B-TV1 | B13: 1 | C13: 1B | D13: TV1 | E13: =IFERROR(VLOOKUP(D13,'Thành Viên'!$A$7:$B$12,2,FALSE),"Kiểm tra mã TV") -> Phạm Thái Khang | F13: Tạo Solution với Client/Server/Shared; chốt một phiên bản SDK chung; cùng TV3–TV4 viết quy ước giao thức v1 và cấu hình. | G13: Solution build được; cấu trúc Code/DOCX/Extra/PPTX; README; protocol-v1. | H13: Có loại message, độ dài/encoding, tên/kích thước file, READY/SUCCESS/ERROR/BUSY, timeout, cách đóng kết nối; cả nhóm dùng một bản. | I13: 1A-TV1,1A-TV3,1A-TV4 | J13: TV6 | L13: Chưa bắt đầu
A14: 1B-TV2 | B14: 1 | C14: 1B | D14: TV2 | E14: =IFERROR(VLOOKUP(D14,'Thành Viên'!$A$7:$B$12,2,FALSE),"Kiểm tra mã TV") -> Châu Huỳnh Minh Ngọc | F14: Dựng form Client: IP/port, chọn/kéo thả file, bảng file. Tạm dùng dữ liệu giả chỉ để kiểm tra bố cục. | G14: Form Client chạy được + ảnh giao diện. | H14: Kéo thả 3 file thật thấy đúng tên/kích thước; chặn thư mục nếu chưa hỗ trợ; không gọi dữ liệu giả là upload thành công. | I14: 1A-TV2; thống nhất khung Solution với TV1 | J14: TV5 | L14: Chưa bắt đầu
A15: 1B-TV3 | B15: 1 | C15: 1B | D15: TV3 | E15: =IFERROR(VLOOKUP(D15,'Thành Viên'!$A$7:$B$12,2,FALSE),"Kiểm tra mã TV") -> Lê Đăng Khoa | F15: Viết Client gửi HELLO và nhận phản hồi qua TCP thật, IP/port lấy từ cấu hình. | G15: Demo TCP Client + ghi chú cách chạy. | H15: Kết nối process Server riêng, gửi/nhận được; Server chưa bật thì hiện lỗi thay vì crash. | I15: 1B-TV1; phối hợp 1B-TV4 | J15: TV4 | L15: Chưa bắt đầu
A16: 1B-TV4 | B16: 1 | C16: 1B | D16: TV4 | E16: =IFERROR(VLOOKUP(D16,'Thành Viên'!$A$7:$B$12,2,FALSE),"Kiểm tra mã TV") -> Huỳnh Tấn Nam | F16: Viết bộ lắng nghe Server, nhận HELLO và trả OK; tách xử lý kết nối khỏi vòng chờ Client mới. | G16: Demo TCP Server + điểm gọi Start/Stop cho GUI. | H16: Server nhận liên tiếp các kết nối; đóng một Client không làm Server dừng; có Start/Stop rõ ràng. | I16: 1B-TV1; phối hợp 1B-TV3 | J16: TV3 | L16: Chưa bắt đầu
A17: 1B-TV5 | B17: 1 | C17: 1B | D17: TV5 | E17: =IFERROR(VLOOKUP(D17,'Thành Viên'!$A$7:$B$12,2,FALSE),"Kiểm tra mã TV") -> Phạm Nguyễn Quốc Khánh | F17: Viết UploadItem và enum trạng thái; thử queue ba phần tử; viết hàm tính phần trăm và tốc độ từ byte/thời gian. | G17: Các lớp trạng thái/queue + test logic nhỏ. | H17: Thứ tự Waiting → Uploading → Completed/Error hợp lý; có nhánh file 0 byte và thời gian đo bằng 0; mô phỏng chỉ dùng để test logic. | I17: 1A-TV5; thống nhất kiểu dữ liệu với TV1 | J17: TV2 | L17: Chưa bắt đầu
A18: 1B-TV6 | B18: 1 | C18: 1B | D18: TV6 | E18: =IFERROR(VLOOKUP(D18,'Thành Viên'!$A$7:$B$12,2,FALSE),"Kiểm tra mã TV") -> Khiếu Hữu Trung Kiên | F18: Dựng GUI Server với port, thư mục nhận, Start/Stop và log; nối với listener TV4 khi sẵn sàng; viết hướng dẫn clone/build. | G18: Form Server + log mẫu + checklist môi trường 6 máy. | H18: Hiện Start/Stop/connect/disconnect; mỗi thành viên tự clone/build/chạy Hello và commit bằng tài khoản riêng. | I18: 1A-TV6; phối hợp 1B-TV1,1B-TV4 | J18: TV1 | L18: Chưa bắt đầu
... A54: 4B-TV6 | B54: 4 | C54: 4B | D54: TV6 | E54: =IFERROR(VLOOKUP(D54,'Thành Viên'!$A$7:$B$12,2,FALSE),"Kiểm tra mã TV") -> Khiếu Hữu Trung Kiên | F54: Nghiệm thu bản cuối bằng kịch bản thành công/lỗi; kiểm tra số liệu, ảnh và quyền truy cập link video; ghi hình kiểm thử có mặt; vấn đáp chéo TV1. | G54: Biên bản nghiệm thu cuối + phần trình bày TV6. | H54: Bằng chứng cùng phiên bản nộp; không còn lỗi gây crash/sai file/mất dữ liệu trong kịch bản công bố; link mở được từ tài khoản khác có quyền. | I54: 4A-TV6; bản cuối và video TV2 | J54: TV1 | L54: Chưa bắt đầu
